{"accuracy": [0.7170474529266357, 0.8898652791976929, 0.9461042881011963, 0.9683655500411987, 0.9777387380599976, 0.9818394780158997, 0.9830111265182495, 0.9794961810112, 0.9888693690299988, 0.9871118664741516, 0.9935559630393982, 0.9894551634788513, 0.9847686290740967, 0.9976567029953003, 0.994727611541748], "loss": [0.8057867884635925, 0.30535364151000977, 0.17331713438034058, 0.10296763479709625, 0.07652167230844498, 0.058265261352062225, 0.05641883611679077, 0.06411444395780563, 0.03838259354233742, 0.04892474040389061, 0.029402300715446472, 0.028859158977866173, 0.03523789346218109, 0.013696573674678802, 0.01909143663942814], "val_accuracy": [0.6510538458824158, 0.7751756310462952, 0.6604215502738953, 0.6955503225326538, 0.7072599530220032, 0.824355959892273, 0.7658079862594604, 0.9227166175842285, 0.9180327653884888, 0.9601873755455017, 0.9578454494476318, 0.9414519667625427, 0.9812646508216858, 0.9929742217063904, 0.9953161478042603], "val_loss": [1.131493330001831, 0.769387423992157, 0.7896596193313599, 0.6679386496543884, 0.641213595867157, 0.6369744539260864, 0.748646080493927, 0.25570520758628845, 0.20826388895511627, 0.12117386609315872, 0.10353118181228638, 0.17559003829956055, 0.037361398339271545, 0.019224349409341812, 0.01636659912765026]}