{"accuracy": [0.7018160223960876, 0.8892794251441956, 0.9367311000823975, 0.9595782160758972, 0.9707088470458984, 0.974223792552948, 0.9812536835670471, 0.974223792552948, 0.9730521440505981, 0.9900410175323486, 0.9976567029953003, 0.9929701089859009, 0.9935559630393982, 0.9953134059906006, 0.9906268119812012], "loss": [0.8395249247550964, 0.3270019590854645, 0.19152644276618958, 0.1282578408718109, 0.09565916657447815, 0.08612934499979019, 0.05851881206035614, 0.09126585721969604, 0.07851549237966537, 0.037860628217458725, 0.015357357449829578, 0.02070544846355915, 0.02105635404586792, 0.025973012670874596, 0.02638794668018818], "val_accuracy": [0.4871194362640381, 0.6042154431343079, 0.7283372282981873, 0.8103044629096985, 0.7798594832420349, 0.7728337049484253, 0.8782201409339905, 0.88758784532547, 0.9601873755455017, 0.9836065769195557, 0.9789227247238159, 0.9625293016433716, 0.9929742217063904, 0.9976580739021301, 0.9789227247238159], "val_loss": [1.1683061122894287, 0.9029382467269897, 0.7499731183052063, 0.5614214539527893, 0.6141058206558228, 0.6234314441680908, 0.3779515326023102, 0.27887991070747375, 0.10937636345624924, 0.039258599281311035, 0.04966467246413231, 0.08310367166996002, 0.019605975598096848, 0.016366243362426758, 0.04018421843647957]}