{"accuracy": [0.7328646779060364, 0.8974809646606445, 0.9220855236053467, 0.9589923620223999, 0.9595782160758972, 0.9765670895576477, 0.9859402179718018, 0.9882835149765015, 0.9853544235229492, 0.991798460483551, 0.9935559630393982, 0.991798460483551, 0.9970709085464478, 0.9953134059906006, 0.9976567029953003], "loss": [0.7471255660057068, 0.3095962703227997, 0.2070835381746292, 0.12663674354553223, 0.11616158485412598, 0.07434751093387604, 0.052612245082855225, 0.041623227298259735, 0.05357605218887329, 0.03244633600115776, 0.024642854928970337, 0.025671375915408134, 0.015728451311588287, 0.01856214366853237, 0.010918430052697659], "val_accuracy": [0.6580796241760254, 0.7306791543960571, 0.8079625368118286, 0.7306791543960571, 0.7142857313156128, 0.8524590134620667, 0.9110070466995239, 0.9203746914863586, 0.9625293016433716, 0.9601873755455017, 0.9672130942344666, 0.9859485030174255, 0.9929742217063904, 0.9929742217063904, 0.9882903695106506], "val_loss": [1.172654151916504, 0.9235368967056274, 0.7555598020553589, 0.6933956146240234, 0.636224627494812, 0.43169352412223816, 0.2703954875469208, 0.21369223296642303, 0.128688246011734, 0.1181236281991005, 0.07453463226556778, 0.03503891080617905, 0.018511628732085228, 0.018477139994502068, 0.020532453432679176]}