{"accuracy": [0.4516696035861969, 0.6315172910690308, 0.7814880013465881, 0.8471001982688904, 0.8564733266830444, 0.8881077766418457, 0.8957234621047974, 0.9156414866447449, 0.9431751370429993, 0.9490333795547485, 0.9595782160758972, 0.9630931615829468, 0.9584065675735474, 0.9642648100852966, 0.9607498645782471], "loss": [1.292525053024292, 0.8690721988677979, 0.5783687233924866, 0.4373203217983246, 0.4039064645767212, 0.3092278838157654, 0.31152936816215515, 0.26471924781799316, 0.1677544265985489, 0.15131500363349915, 0.11846090108156204, 0.10100565105676651, 0.12603895366191864, 0.10784326493740082, 0.12108790129423141], "val_accuracy": [0.5737704634666443, 0.7939109802246094, 0.868852436542511, 0.8946135640144348, 0.8571428656578064, 0.9274004697799683, 0.8758782148361206, 0.9133489727973938, 0.9578454494476318, 0.9461358189582825, 0.955503523349762, 0.9718969464302063, 0.9578454494476318, 0.9391100406646729, 0.9508196711540222], "val_loss": [0.9571414589881897, 0.618759036064148, 0.4170573651790619, 0.30333665013313293, 0.393169105052948, 0.20695112645626068, 0.32955649495124817, 0.1904783993959427, 0.10472998768091202, 0.15970763564109802, 0.12005037069320679, 0.09408462047576904, 0.12589755654335022, 0.17492003738880157, 0.1392795592546463]}